ID,Lon,Lat,Open_From,Open_To,Needed_Amount
1,-116.3801182,43.6198308,2019-03-22 8:00:00,2019-03-23 10:00:00,1
2,-116.3758255,43.6253185,2019-03-22 8:00:00,2019-03-23 10:00:00,1
3,-116.3682489,43.6233025,2019-03-22 8:00:00,2019-03-23 10:00:00,1
4,-116.3588655,43.6585427,2019-03-22 8:00:00,2019-03-23 10:00:00,1
5,-116.3824919,43.6315908,2019-03-22 8:00:00,2019-03-23 10:00:00,1
6,-116.335671,43.6555041,2019-03-22 8:00:00,2019-03-23 10:00:00,1
7,-116.3652313,43.6440634,2019-03-22 8:00:00,2019-03-23 10:00:00,1
8,-116.341069,43.6536875,2019-03-22 8:00:00,2019-03-23 10:00:00,1
9,-116.3700353,43.6472121,2019-03-22 8:00:00,2019-03-23 10:00:00,1
10,-116.3910432,43.632779,2019-03-22 8:00:00,2019-03-23 10:00:00,1
11,-116.3324136,43.6347988,2019-03-22 8:00:00,2019-03-23 10:00:00,1
12,-116.37411,43.6422711,2019-03-22 8:00:00,2019-03-23 10:00:00,1
13,-116.3507446,43.659233,2019-03-22 8:00:00,2019-03-23 10:00:00,1
14,-116.3616628,43.6343923,2019-03-22 8:00:00,2019-03-23 10:00:00,1
15,-116.374006,43.6523857,2019-03-22 8:00:00,2019-03-23 10:00:00,1
16,-116.3683032,43.6359668,2019-03-22 8:00:00,2019-03-23 10:00:00,1
17,-116.3912926,43.6231401,2019-03-22 8:00:00,2019-03-23 10:00:00,1
18,-116.3551774,43.6480446,2019-03-22 8:00:00,2019-03-23 10:00:00,1
19,-116.3491452,43.6350333,2019-03-22 8:00:00,2019-03-23 10:00:00,1
20,-116.3400476,43.6482021,2019-03-22 8:00:00,2019-03-23 10:00:00,1
21,-116.3330768,43.6471811,2019-03-22 8:00:00,2019-03-23 10:00:00,1
22,-116.3638648,43.639606,2019-03-22 8:00:00,2019-03-23 10:00:00,1
23,-116.3476762,43.6345183,2019-03-22 8:00:00,2019-03-23 10:00:00,1
24,-116.3372428,43.62971,2019-03-22 8:00:00,2019-03-23 10:00:00,1
25,-116.3216936,43.6255419,2019-03-22 8:00:00,2019-03-23 10:00:00,1
26,-116.3164226,43.648274,2019-03-22 8:00:00,2019-03-23 10:00:00,1
27,-116.3312816,43.6472219,2019-03-22 8:00:00,2019-03-23 10:00:00,1
28,-116.3641911,43.6495791,2019-03-22 8:00:00,2019-03-23 10:00:00,1
29,-116.355161,43.6615084,2019-03-22 8:00:00,2019-03-23 10:00:00,1
30,-116.3596777,43.6412578,2019-03-22 8:00:00,2019-03-23 10:00:00,1
31,-116.3665959,43.6374326,2019-03-22 8:00:00,2019-03-23 10:00:00,1
32,-116.3297698,43.6539085,2019-03-22 8:00:00,2019-03-23 10:00:00,1
33,-116.3692387,43.6388035,2019-03-22 8:00:00,2019-03-23 10:00:00,1
34,-116.3462413,43.6520702,2019-03-22 8:00:00,2019-03-23 10:00:00,1
35,-116.3330204,43.6573339,2019-03-22 8:00:00,2019-03-23 10:00:00,1
36,-116.3225903,43.6218711,2019-03-22 8:00:00,2019-03-23 10:00:00,1
37,-116.3260873,43.6501064,2019-03-22 8:00:00,2019-03-23 10:00:00,1
38,-116.3825522,43.6413036,2019-03-22 8:00:00,2019-03-23 10:00:00,1
39,-116.3184899,43.6182853,2019-03-22 8:00:00,2019-03-23 10:00:00,1
40,-116.3251546,43.6509084,2019-03-22 8:00:00,2019-03-23 10:00:00,1
41,-116.3517359,43.6445243,2019-03-22 8:00:00,2019-03-23 10:00:00,1
42,-116.3771671,43.6283313,2019-03-22 8:00:00,2019-03-23 10:00:00,1
43,-116.3300863,43.6243986,2019-03-22 8:00:00,2019-03-23 10:00:00,1
44,-116.3305994,43.6298168,2019-03-22 8:00:00,2019-03-23 10:00:00,1
45,-116.3313294,43.6238882,2019-03-22 8:00:00,2019-03-23 10:00:00,1
46,-116.3853883,43.6240533,2019-03-22 8:00:00,2019-03-23 10:00:00,1
47,-116.3573591,43.6623347,2019-03-22 8:00:00,2019-03-23 10:00:00,1
48,-116.3364445,43.6394321,2019-03-22 8:00:00,2019-03-23 10:00:00,1
49,-116.3729504,43.6525917,2019-03-22 8:00:00,2019-03-23 10:00:00,1
50,-116.3550736,43.6456073,2019-03-22 8:00:00,2019-03-23 10:00:00,1
51,-116.3549407,43.6537231,2019-03-22 8:00:00,2019-03-23 10:00:00,1
52,-116.3538647,43.6534137,2019-03-22 8:00:00,2019-03-23 10:00:00,1
53,-116.3536437,43.6458271,2019-03-22 8:00:00,2019-03-23 10:00:00,1
54,-116.3528125,43.6538812,2019-03-22 8:00:00,2019-03-23 10:00:00,1
55,-116.3527844,43.6460672,2019-03-22 8:00:00,2019-03-23 10:00:00,1
56,-116.3525741,43.6584721,2019-03-22 8:00:00,2019-03-23 10:00:00,1
57,-116.352455,43.6452376,2019-03-22 8:00:00,2019-03-23 10:00:00,1
58,-116.3523453,43.6534149,2019-03-22 8:00:00,2019-03-23 10:00:00,1
59,-116.3518155,43.6425184,2019-03-22 8:00:00,2019-03-23 10:00:00,1
60,-116.3517622,43.6442277,2019-03-22 8:00:00,2019-03-23 10:00:00,1
61,-116.3517359,43.6445243,2019-03-22 8:00:00,2019-03-23 10:00:00,1
62,-116.3513999,43.6589649,2019-03-22 8:00:00,2019-03-23 10:00:00,1
63,-116.3512119,43.6466176,2019-03-22 8:00:00,2019-03-23 10:00:00,1
64,-116.3507446,43.659233,2019-03-22 8:00:00,2019-03-23 10:00:00,1
65,-116.3507441,43.645783,2019-03-22 8:00:00,2019-03-23 10:00:00,1
66,-116.3506173,43.6473127,2019-03-22 8:00:00,2019-03-23 10:00:00,1
67,-116.3502985,43.6587301,2019-03-22 8:00:00,2019-03-23 10:00:00,1
68,-116.350266,43.6624055,2019-03-22 8:00:00,2019-03-23 10:00:00,1
69,-116.3500947,43.6563937,2019-03-22 8:00:00,2019-03-23 10:00:00,1
70,-116.3500732,43.6426536,2019-03-22 8:00:00,2019-03-23 10:00:00,1
71,-116.3497785,43.6444477,2019-03-22 8:00:00,2019-03-23 10:00:00,1
72,-116.3495483,43.6517793,2019-03-22 8:00:00,2019-03-23 10:00:00,1
73,-116.3492611,43.6616568,2019-03-22 8:00:00,2019-03-23 10:00:00,1
74,-116.3492591,43.6502378,2019-03-22 8:00:00,2019-03-23 10:00:00,1
75,-116.3492039,43.6624491,2019-03-22 8:00:00,2019-03-23 10:00:00,1
76,-116.3491452,43.6350333,2019-03-22 8:00:00,2019-03-23 10:00:00,1
77,-116.3491113,43.6442355,2019-03-22 8:00:00,2019-03-23 10:00:00,1
78,-116.349037,43.6535783,2019-03-22 8:00:00,2019-03-23 10:00:00,1
79,-116.3489728,43.6571584,2019-03-22 8:00:00,2019-03-23 10:00:00,1
80,-116.3488227,43.6425527,2019-03-22 8:00:00,2019-03-23 10:00:00,1
81,-116.3487672,43.6406973,2019-03-22 8:00:00,2019-03-23 10:00:00,1
82,-116.3481605,43.6383525,2019-03-22 8:00:00,2019-03-23 10:00:00,1
83,-116.3480815,43.6479647,2019-03-22 8:00:00,2019-03-23 10:00:00,1
84,-116.3480584,43.6580115,2019-03-22 8:00:00,2019-03-23 10:00:00,1
85,-116.3479081,43.642196,2019-03-22 8:00:00,2019-03-23 10:00:00,1
86,-116.3478985,43.6587472,2019-03-22 8:00:00,2019-03-23 10:00:00,1
87,-116.347774,43.6358097,2019-03-22 8:00:00,2019-03-23 10:00:00,1
88,-116.3477097,43.6400858,2019-03-22 8:00:00,2019-03-23 10:00:00,1
89,-116.3476982,43.6437858,2019-03-22 8:00:00,2019-03-23 10:00:00,1
90,-116.3476948,43.6352473,2019-03-22 8:00:00,2019-03-23 10:00:00,1
91,-116.3476762,43.6345183,2019-03-22 8:00:00,2019-03-23 10:00:00,1
92,-116.3474953,43.6416069,2019-03-22 8:00:00,2019-03-23 10:00:00,1
93,-116.3474634,43.6407658,2019-03-22 8:00:00,2019-03-23 10:00:00,1
94,-116.3473193,43.6480498,2019-03-22 8:00:00,2019-03-23 10:00:00,1
95,-116.3472997,43.6551261,2019-03-22 8:00:00,2019-03-23 10:00:00,1
96,-116.3472809,43.6454875,2019-03-22 8:00:00,2019-03-23 10:00:00,1
97,-116.3472215,43.6394173,2019-03-22 8:00:00,2019-03-23 10:00:00,1
98,-116.3470629,43.6554388,2019-03-22 8:00:00,2019-03-23 10:00:00,1
99,-116.3469215,43.6384,2019-03-22 8:00:00,2019-03-23 10:00:00,1
100,-116.3468667,43.6369585,2019-03-22 8:00:00,2019-03-23 10:00:00,1
101,-116.3468259,43.6611632,2019-03-22 8:00:00,2019-03-23 10:00:00,1
102,-116.3467242,43.6584382,2019-03-22 8:00:00,2019-03-23 10:00:00,1
103,-116.3466739,43.6388467,2019-03-22 8:00:00,2019-03-23 10:00:00,1
104,-116.3464365,43.6428726,2019-03-22 8:00:00,2019-03-23 10:00:00,1
105,-116.3464149,43.6604868,2019-03-22 8:00:00,2019-03-23 10:00:00,1
106,-116.3463728,43.659666,2019-03-22 8:00:00,2019-03-23 10:00:00,1
107,-116.3462413,43.6520702,2019-03-22 8:00:00,2019-03-23 10:00:00,1
108,-116.3462386,43.6512878,2019-03-22 8:00:00,2019-03-23 10:00:00,1
109,-116.3460926,43.6367158,2019-03-22 8:00:00,2019-03-23 10:00:00,1
110,-116.3460047,43.6568079,2019-03-22 8:00:00,2019-03-23 10:00:00,1
111,-116.3459862,43.644276,2019-03-22 8:00:00,2019-03-23 10:00:00,1
112,-116.3450584,43.636378,2019-03-22 8:00:00,2019-03-23 10:00:00,1
113,-116.3448183,43.6422846,2019-03-22 8:00:00,2019-03-23 10:00:00,1
114,-116.3447915,43.6495214,2019-03-22 8:00:00,2019-03-23 10:00:00,1
115,-116.3441218,43.637761,2019-03-22 8:00:00,2019-03-23 10:00:00,66
116,-116.3440106,43.6366461,2019-03-22 8:00:00,2019-03-23 10:00:00,67
117,-116.3439914,43.6501957,2019-03-22 8:00:00,2019-03-23 10:00:00,68
118,-116.3436678,43.637817,2019-03-22 8:00:00,2019-03-23 10:00:00,69
119,-116.3436389,43.6373679,2019-03-22 8:00:00,2019-03-23 10:00:00,70
120,-116.3436185,43.6522913,2019-03-22 8:00:00,2019-03-23 10:00:00,71
121,-116.3429708,43.644919,2019-03-22 8:00:00,2019-03-23 10:00:00,72
122,-116.3429199,43.6414775,2019-03-22 8:00:00,2019-03-23 10:00:00,73
123,-116.3429017,43.6437474,2019-03-22 8:00:00,2019-03-23 10:00:00,74
124,-116.3428769,43.653851,2019-03-22 8:00:00,2019-03-23 10:00:00,75
125,-116.3424578,43.6353164,2019-03-22 8:00:00,2019-03-23 10:00:00,76
126,-116.3424491,43.6570749,2019-03-22 8:00:00,2019-03-23 10:00:00,77
127,-116.342098,43.6509506,2019-03-22 8:00:00,2019-03-23 10:00:00,78
128,-116.3417373,43.6491963,2019-03-22 8:00:00,2019-03-23 10:00:00,79
129,-116.3416039,43.6481761,2019-03-22 8:00:00,2019-03-23 10:00:00,80
130,-116.3415043,43.6469599,2019-03-22 8:00:00,2019-03-23 10:00:00,81
131,-116.3414847,43.646243,2019-03-22 8:00:00,2019-03-23 10:00:00,82
132,-116.3414662,43.656146,2019-03-22 8:00:00,2019-03-23 10:00:00,83
133,-116.3413166,43.6499111,2019-03-22 8:00:00,2019-03-23 10:00:00,84
134,-116.3412634,43.655496,2019-03-22 8:00:00,2019-03-23 10:00:00,85
135,-116.3412495,43.6622804,2019-03-22 8:00:00,2019-03-23 10:00:00,86
136,-116.341069,43.6536875,2019-03-22 8:00:00,2019-03-23 10:00:00,87
137,-116.3408559,43.6418752,2019-03-22 8:00:00,2019-03-23 10:00:00,88
138,-116.3407552,43.6507762,2019-03-22 8:00:00,2019-03-23 10:00:00,89
139,-116.3401454,43.6584269,2019-03-22 8:00:00,2019-03-23 10:00:00,90
140,-116.3400794,43.6342409,2019-03-22 8:00:00,2019-03-23 10:00:00,91
141,-116.3400673,43.6406115,2019-03-22 8:00:00,2019-03-23 10:00:00,92
142,-116.3400476,43.6482021,2019-03-22 8:00:00,2019-03-23 10:00:00,93
143,-116.3399869,43.6524601,2019-03-22 8:00:00,2019-03-23 10:00:00,94
144,-116.3391298,43.6217531,2019-03-22 8:00:00,2019-03-23 10:00:00,95
145,-116.3390282,43.6543761,2019-03-22 8:00:00,2019-03-23 10:00:00,96
146,-116.338586,43.6381185,2019-03-22 8:00:00,2019-03-23 10:00:00,97
147,-116.3385381,43.6544974,2019-03-22 8:00:00,2019-03-23 10:00:00,98
148,-116.3383643,43.6109523,2019-03-22 8:00:00,2019-03-23 10:00:00,99
149,-116.3381158,43.653239,2019-03-22 8:00:00,2019-03-23 10:00:00,100
150,-116.3379493,43.6347036,2019-03-22 8:00:00,2019-03-23 10:00:00,101
151,-116.3379262,43.6404622,2019-03-22 8:00:00,2019-03-23 10:00:00,102
152,-116.3378632,43.6224773,2019-03-22 8:00:00,2019-03-23 10:00:00,103
153,-116.3377537,43.6376213,2019-03-22 8:00:00,2019-03-23 10:00:00,104
154,-116.3377528,43.6474834,2019-03-22 8:00:00,2019-03-23 10:00:00,105
155,-116.3377242,43.6115009,2019-03-22 8:00:00,2019-03-23 10:00:00,106
156,-116.3372428,43.62971,2019-03-22 8:00:00,2019-03-23 10:00:00,107
157,-116.3371956,43.6462174,2019-03-22 8:00:00,2019-03-23 10:00:00,108
158,-116.3366518,43.6544594,2019-03-22 8:00:00,2019-03-23 10:00:00,109
159,-116.3364791,43.6481802,2019-03-22 8:00:00,2019-03-23 10:00:00,110
160,-116.3364445,43.6394321,2019-03-22 8:00:00,2019-03-23 10:00:00,111
161,-116.336383,43.6577123,2019-03-22 8:00:00,2019-03-23 10:00:00,112
162,-116.3363723,43.6465217,2019-03-22 8:00:00,2019-03-23 10:00:00,113
163,-116.3362149,43.6223656,2019-03-22 8:00:00,2019-03-23 10:00:00,114
164,-116.3360386,43.6094553,2019-03-22 8:00:00,2019-03-23 10:00:00,115
165,-116.3359939,43.6343699,2019-03-22 8:00:00,2019-03-23 10:00:00,116
166,-116.335671,43.6555041,2019-03-22 8:00:00,2019-03-23 10:00:00,117
167,-116.3355688,43.6599043,2019-03-22 8:00:00,2019-03-23 10:00:00,118
168,-116.3348548,43.646727,2019-03-22 8:00:00,2019-03-23 10:00:00,119
169,-116.3348017,43.6311123,2019-03-22 8:00:00,2019-03-23 10:00:00,120
170,-116.3347091,43.6535124,2019-03-22 8:00:00,2019-03-23 10:00:00,121
171,-116.3340004,43.6551417,2019-03-22 8:00:00,2019-03-23 10:00:00,122
172,-116.3338675,43.6252974,2019-03-22 8:00:00,2019-03-23 10:00:00,123
173,-116.3338498,43.6395333,2019-03-22 8:00:00,2019-03-23 10:00:00,124
174,-116.3337359,43.6250471,2019-03-22 8:00:00,2019-03-23 10:00:00,125
175,-116.333648,43.6128686,2019-03-22 8:00:00,2019-03-23 10:00:00,126
176,-116.333523,43.6352892,2019-03-22 8:00:00,2019-03-23 10:00:00,127
177,-116.3333371,43.6508808,2019-03-22 8:00:00,2019-03-23 10:00:00,128
178,-116.3330768,43.6471811,2019-03-22 8:00:00,2019-03-23 10:00:00,129
179,-116.3330204,43.6573339,2019-03-22 8:00:00,2019-03-23 10:00:00,130
180,-116.3324136,43.6347988,2019-03-22 8:00:00,2019-03-23 10:00:00,131
181,-116.3323762,43.6402119,2019-03-22 8:00:00,2019-03-23 10:00:00,132
182,-116.3322781,43.644336,2019-03-22 8:00:00,2019-03-23 10:00:00,133
183,-116.3321772,43.6130429,2019-03-22 8:00:00,2019-03-23 10:00:00,134
184,-116.33169,43.6528699,2019-03-22 8:00:00,2019-03-23 10:00:00,135
185,-116.3314367,43.612941,2019-03-22 8:00:00,2019-03-23 10:00:00,136
186,-116.3313294,43.6238882,2019-03-22 8:00:00,2019-03-23 10:00:00,137
187,-116.3312968,43.6326624,2019-03-22 8:00:00,2019-03-23 10:00:00,138
188,-116.3312816,43.6472219,2019-03-22 8:00:00,2019-03-23 10:00:00,139
189,-116.3310511,43.6146007,2019-03-22 8:00:00,2019-03-23 10:00:00,140
190,-116.3309719,43.6210051,2019-03-22 8:00:00,2019-03-23 10:00:00,141
191,-116.3309448,43.640343,2019-03-22 8:00:00,2019-03-23 10:00:00,142
192,-116.3307865,43.6204552,2019-03-22 8:00:00,2019-03-23 10:00:00,143
193,-116.3306915,43.6525566,2019-03-22 8:00:00,2019-03-23 10:00:00,144
194,-116.3305994,43.6298168,2019-03-22 8:00:00,2019-03-23 10:00:00,145
195,-116.3302263,43.6319865,2019-03-22 8:00:00,2019-03-23 10:00:00,146
196,-116.3301406,43.6227597,2019-03-22 8:00:00,2019-03-23 10:00:00,147
197,-116.3300971,43.6221667,2019-03-22 8:00:00,2019-03-23 10:00:00,148
198,-116.3300863,43.6243986,2019-03-22 8:00:00,2019-03-23 10:00:00,149
199,-116.3298743,43.6349703,2019-03-22 8:00:00,2019-03-23 10:00:00,150
200,-116.3297978,43.6329844,2019-03-22 8:00:00,2019-03-23 10:00:00,151
201,-116.3297698,43.6539085,2019-03-22 8:00:00,2019-03-23 10:00:00,152
202,-116.3295688,43.6140843,2019-03-22 8:00:00,2019-03-23 10:00:00,153
203,-116.3291585,43.6336556,2019-03-22 8:00:00,2019-03-23 10:00:00,154
204,-116.3287482,43.6544499,2019-03-22 8:00:00,2019-03-23 10:00:00,155
205,-116.3287356,43.6181153,2019-03-22 8:00:00,2019-03-23 10:00:00,156
206,-116.3286855,43.6519636,2019-03-22 8:00:00,2019-03-23 10:00:00,157
207,-116.3282029,43.6532388,2019-03-22 8:00:00,2019-03-23 10:00:00,158
208,-116.3281085,43.6304912,2019-03-22 8:00:00,2019-03-23 10:00:00,159
209,-116.3279168,43.6172839,2019-03-22 8:00:00,2019-03-23 10:00:00,160
210,-116.3278517,43.6539387,2019-03-22 8:00:00,2019-03-23 10:00:00,161
211,-116.3275953,43.6263722,2019-03-22 8:00:00,2019-03-23 10:00:00,162
212,-116.3275124,43.6371894,2019-03-22 8:00:00,2019-03-23 10:00:00,163
213,-116.327492,43.6227425,2019-03-22 8:00:00,2019-03-23 10:00:00,164
214,-116.3274314,43.6336765,2019-03-22 8:00:00,2019-03-23 10:00:00,165
215,-116.327356,43.6306082,2019-03-22 8:00:00,2019-03-23 10:00:00,166
216,-116.3272662,43.6321539,2019-03-22 8:00:00,2019-03-23 10:00:00,167
217,-116.3271946,43.6385865,2019-03-22 8:00:00,2019-03-23 10:00:00,168
218,-116.3271907,43.6392608,2019-03-22 8:00:00,2019-03-23 10:00:00,169
219,-116.3271408,43.6145067,2019-03-22 8:00:00,2019-03-23 10:00:00,170
220,-116.3271216,43.656408,2019-03-22 8:00:00,2019-03-23 10:00:00,171
221,-116.3270385,43.6175712,2019-03-22 8:00:00,2019-03-23 10:00:00,172
222,-116.3268195,43.6365833,2019-03-22 8:00:00,2019-03-23 10:00:00,173
223,-116.3260873,43.6501064,2019-03-22 8:00:00,2019-03-23 10:00:00,174
224,-116.3260628,43.633625,2019-03-22 8:00:00,2019-03-23 10:00:00,175
225,-116.3259548,43.6240488,2019-03-22 8:00:00,2019-03-23 10:00:00,176
226,-116.3257812,43.6523308,2019-03-22 8:00:00,2019-03-23 10:00:00,177
227,-116.3257798,43.6153258,2019-03-22 8:00:00,2019-03-23 10:00:00,178
228,-116.3255143,43.6223475,2019-03-22 8:00:00,2019-03-23 10:00:00,179
229,-116.3255115,43.6145166,2019-03-22 8:00:00,2019-03-23 10:00:00,180
230,-116.3251546,43.6509084,2019-03-22 8:00:00,2019-03-23 10:00:00,181
231,-116.3246541,43.6279268,2019-03-22 8:00:00,2019-03-23 10:00:00,182
232,-116.3244527,43.650099,2019-03-22 8:00:00,2019-03-23 10:00:00,183
233,-116.3244423,43.632079,2019-03-22 8:00:00,2019-03-23 10:00:00,184
234,-116.3239201,43.6171783,2019-03-22 8:00:00,2019-03-23 10:00:00,185
235,-116.3238319,43.6235778,2019-03-22 8:00:00,2019-03-23 10:00:00,186
236,-116.3237907,43.6495014,2019-03-22 8:00:00,2019-03-23 10:00:00,187
237,-116.3237028,43.6364011,2019-03-22 8:00:00,2019-03-23 10:00:00,188
238,-116.3236122,43.6389945,2019-03-22 8:00:00,2019-03-23 10:00:00,189
239,-116.3233389,43.6322847,2019-03-22 8:00:00,2019-03-23 10:00:00,190
240,-116.3230005,43.6109752,2019-03-22 8:00:00,2019-03-23 10:00:00,191
241,-116.3227277,43.6152688,2019-03-22 8:00:00,2019-03-23 10:00:00,192
242,-116.3226545,43.6409716,2019-03-22 8:00:00,2019-03-23 10:00:00,193
243,-116.3225903,43.6218711,2019-03-22 8:00:00,2019-03-23 10:00:00,194
244,-116.3224726,43.6345117,2019-03-22 8:00:00,2019-03-23 10:00:00,195
245,-116.3224356,43.6186534,2019-03-22 8:00:00,2019-03-23 10:00:00,196
246,-116.3221066,43.6349537,2019-03-22 8:00:00,2019-03-23 10:00:00,197
247,-116.3217539,43.6146678,2019-03-22 8:00:00,2019-03-23 10:00:00,198
248,-116.3216936,43.6255419,2019-03-22 8:00:00,2019-03-23 10:00:00,199
249,-116.3216637,43.6482982,2019-03-22 8:00:00,2019-03-23 10:00:00,200
250,-116.3208816,43.6248295,2019-03-22 8:00:00,2019-03-23 10:00:00,201
251,-116.3208586,43.6377601,2019-03-22 8:00:00,2019-03-23 10:00:00,202
252,-116.320759,43.6273357,2019-03-22 8:00:00,2019-03-23 10:00:00,203
253,-116.3205722,43.630252,2019-03-22 8:00:00,2019-03-23 10:00:00,204
254,-116.3204567,43.634744,2019-03-22 8:00:00,2019-03-23 10:00:00,205
255,-116.3200745,43.6409645,2019-03-22 8:00:00,2019-03-23 10:00:00,206
256,-116.3200387,43.6234766,2019-03-22 8:00:00,2019-03-23 10:00:00,207
257,-116.3199242,43.6159253,2019-03-22 8:00:00,2019-03-23 10:00:00,208
258,-116.3199229,43.6250734,2019-03-22 8:00:00,2019-03-23 10:00:00,209
259,-116.3195272,43.6443064,2019-03-22 8:00:00,2019-03-23 10:00:00,210
260,-116.3193375,43.6263704,2019-03-22 8:00:00,2019-03-23 10:00:00,211
261,-116.3190365,43.6525993,2019-03-22 8:00:00,2019-03-23 10:00:00,212
262,-116.3189501,43.6463083,2019-03-22 8:00:00,2019-03-23 10:00:00,213
263,-116.3184899,43.6182853,2019-03-22 8:00:00,2019-03-23 10:00:00,214
264,-116.3180093,43.6420116,2019-03-22 8:00:00,2019-03-23 10:00:00,215
265,-116.3175126,43.6142491,2019-03-22 8:00:00,2019-03-23 10:00:00,216
266,-116.3172562,43.6385448,2019-03-22 8:00:00,2019-03-23 10:00:00,217
267,-116.3171563,43.6257324,2019-03-22 8:00:00,2019-03-23 10:00:00,218
268,-116.3164932,43.6382538,2019-03-22 8:00:00,2019-03-23 10:00:00,219
269,-116.3164226,43.648274,2019-03-22 8:00:00,2019-03-23 10:00:00,220
270,-116.3163836,43.6092714,2019-03-22 8:00:00,2019-03-23 10:00:00,221
271,-116.3160167,43.618785,2019-03-22 8:00:00,2019-03-23 10:00:00,222
272,-116.3157595,43.6514147,2019-03-22 8:00:00,2019-03-23 10:00:00,223
273,-116.3157405,43.613454,2019-03-22 8:00:00,2019-03-23 10:00:00,224
274,-116.3154508,43.6265599,2019-03-22 8:00:00,2019-03-23 10:00:00,225
275,-116.3153848,43.6242366,2019-03-22 8:00:00,2019-03-23 10:00:00,226
276,-116.3152244,43.6461699,2019-03-22 8:00:00,2019-03-23 10:00:00,227
277,-116.3151885,43.6443666,2019-03-22 8:00:00,2019-03-23 10:00:00,228
278,-116.3149395,43.6247172,2019-03-22 8:00:00,2019-03-23 10:00:00,229
279,-116.3149162,43.6143796,2019-03-22 8:00:00,2019-03-23 10:00:00,230
280,-116.3138759,43.6595456,2019-03-22 8:00:00,2019-03-23 10:00:00,231
281,-116.3917795,43.6370334,2019-03-22 8:00:00,2019-03-23 10:00:00,232
282,-116.3917026,43.6220019,2019-03-22 8:00:00,2019-03-23 10:00:00,233
283,-116.3916867,43.6346996,2019-03-22 8:00:00,2019-03-23 10:00:00,234
284,-116.391666,43.6295592,2019-03-22 8:00:00,2019-03-23 10:00:00,235
285,-116.3916556,43.6307114,2019-03-22 8:00:00,2019-03-23 10:00:00,236
286,-116.3916345,43.6411515,2019-03-22 8:00:00,2019-03-23 10:00:00,237
287,-116.3912926,43.6231401,2019-03-22 8:00:00,2019-03-23 10:00:00,238
288,-116.3911726,43.6230991,2019-03-22 8:00:00,2019-03-23 10:00:00,239
289,-116.3910432,43.632779,2019-03-22 8:00:00,2019-03-23 10:00:00,240
290,-116.3909693,43.6350684,2019-03-22 8:00:00,2019-03-23 10:00:00,241
291,-116.3907127,43.6219362,2019-03-22 8:00:00,2019-03-23 10:00:00,242
292,-116.3906726,43.6391407,2019-03-22 8:00:00,2019-03-23 10:00:00,243
293,-116.3906454,43.6276914,2019-03-22 8:00:00,2019-03-23 10:00:00,244
294,-116.3903183,43.6349404,2019-03-22 8:00:00,2019-03-23 10:00:00,245
295,-116.3898455,43.6266865,2019-03-22 8:00:00,2019-03-23 10:00:00,246
296,-116.3897907,43.6231778,2019-03-22 8:00:00,2019-03-23 10:00:00,247
297,-116.3897156,43.6543095,2019-03-22 8:00:00,2019-03-23 10:00:00,248
298,-116.3896275,43.6392453,2019-03-22 8:00:00,2019-03-23 10:00:00,249
299,-116.3895762,43.6361844,2019-03-22 8:00:00,2019-03-23 10:00:00,250
300,-116.3895715,43.6524753,2019-03-22 8:00:00,2019-03-23 10:00:00,251
301,-116.3893237,43.6333934,2019-03-22 8:00:00,2019-03-23 10:00:00,252
302,-116.3893107,43.6232579,2019-03-22 8:00:00,2019-03-23 10:00:00,253
303,-116.3892816,43.6304833,2019-03-22 8:00:00,2019-03-23 10:00:00,254
304,-116.3891322,43.6302893,2019-03-22 8:00:00,2019-03-23 10:00:00,255
305,-116.3891147,43.6211469,2019-03-22 8:00:00,2019-03-23 10:00:00,256
306,-116.3886177,43.6590803,2019-03-22 8:00:00,2019-03-23 10:00:00,257
307,-116.3882572,43.6550062,2019-03-22 8:00:00,2019-03-23 10:00:00,258
308,-116.3881787,43.656156,2019-03-22 8:00:00,2019-03-23 10:00:00,259
309,-116.3879131,43.6232054,2019-03-22 8:00:00,2019-03-23 10:00:00,260
310,-116.3878869,43.6514368,2019-03-22 8:00:00,2019-03-23 10:00:00,261
311,-116.387851,43.6344796,2019-03-22 8:00:00,2019-03-23 10:00:00,262
312,-116.3876425,43.6397611,2019-03-22 8:00:00,2019-03-23 10:00:00,263
313,-116.3870284,43.6341907,2019-03-22 8:00:00,2019-03-23 10:00:00,264
314,-116.386767,43.6519917,2019-03-22 8:00:00,2019-03-23 10:00:00,265
315,-116.3864146,43.6554636,2019-03-22 8:00:00,2019-03-23 10:00:00,266
316,-116.3861694,43.6501298,2019-03-22 8:00:00,2019-03-23 10:00:00,267
317,-116.3857181,43.6771335,2019-03-22 8:00:00,2019-03-23 10:00:00,268
318,-116.3853883,43.6240533,2019-03-22 8:00:00,2019-03-23 10:00:00,269
319,-116.3853763,43.6272106,2019-03-22 8:00:00,2019-03-23 10:00:00,270
320,-116.3853738,43.6344953,2019-03-22 8:00:00,2019-03-23 10:00:00,271
321,-116.3852457,43.638477,2019-03-22 8:00:00,2019-03-23 10:00:00,272
322,-116.3850582,43.6403954,2019-03-22 8:00:00,2019-03-23 10:00:00,273
323,-116.384821,43.6236066,2019-03-22 8:00:00,2019-03-23 10:00:00,274
324,-116.3842991,43.6235272,2019-03-22 8:00:00,2019-03-23 10:00:00,275
325,-116.3842988,43.6593979,2019-03-22 8:00:00,2019-03-23 10:00:00,276
326,-116.3842913,43.6292493,2019-03-22 8:00:00,2019-03-23 10:00:00,277
327,-116.384186,43.630369,2019-03-22 8:00:00,2019-03-23 10:00:00,278
328,-116.3840871,43.6532848,2019-03-22 8:00:00,2019-03-23 10:00:00,279
329,-116.3837737,43.6540162,2019-03-22 8:00:00,2019-03-23 10:00:00,280
330,-116.3837315,43.6334766,2019-03-22 8:00:00,2019-03-23 10:00:00,281
331,-116.3837173,43.6601527,2019-03-22 8:00:00,2019-03-23 10:00:00,282
332,-116.3834868,43.6429003,2019-03-22 8:00:00,2019-03-23 10:00:00,283
333,-116.3830916,43.6315244,2019-03-22 8:00:00,2019-03-23 10:00:00,284
334,-116.3825567,43.642088,2019-03-22 8:00:00,2019-03-23 10:00:00,285
335,-116.3825522,43.6413036,2019-03-22 8:00:00,2019-03-23 10:00:00,286
336,-116.3824919,43.6315908,2019-03-22 8:00:00,2019-03-23 10:00:00,287
337,-116.3821307,43.6281229,2019-03-22 8:00:00,2019-03-23 10:00:00,288
338,-116.3821004,43.6246828,2019-03-22 8:00:00,2019-03-23 10:00:00,289
339,-116.3818778,43.6228037,2019-03-22 8:00:00,2019-03-23 10:00:00,290
340,-116.3817361,43.6311863,2019-03-22 8:00:00,2019-03-23 10:00:00,291
341,-116.3817203,43.623547,2019-03-22 8:00:00,2019-03-23 10:00:00,292
342,-116.3817179,43.6557667,2019-03-22 8:00:00,2019-03-23 10:00:00,293
343,-116.3816051,43.632383,2019-03-22 8:00:00,2019-03-23 10:00:00,294
344,-116.3815384,43.6267299,2019-03-22 8:00:00,2019-03-23 10:00:00,295
345,-116.381319,43.6604517,2019-03-22 8:00:00,2019-03-23 10:00:00,296
346,-116.3812042,43.6214981,2019-03-22 8:00:00,2019-03-23 10:00:00,297
347,-116.381103,43.6580166,2019-03-22 8:00:00,2019-03-23 10:00:00,298
348,-116.3810539,43.65729,2019-03-22 8:00:00,2019-03-23 10:00:00,299
349,-116.380977,43.6427332,2019-03-22 8:00:00,2019-03-23 10:00:00,300
350,-116.3807626,43.6449836,2019-03-22 8:00:00,2019-03-23 10:00:00,301
351,-116.3806955,43.641824,2019-03-22 8:00:00,2019-03-23 10:00:00,302
352,-116.3806215,43.6376386,2019-03-22 8:00:00,2019-03-23 10:00:00,303
353,-116.3805733,43.6283317,2019-03-22 8:00:00,2019-03-23 10:00:00,304
354,-116.380476,43.6361307,2019-03-22 8:00:00,2019-03-23 10:00:00,305
355,-116.3803087,43.6489932,2019-03-22 8:00:00,2019-03-23 10:00:00,306
356,-116.3802088,43.6375339,2019-03-22 8:00:00,2019-03-23 10:00:00,307
357,-116.3801182,43.6198308,2019-03-22 8:00:00,2019-03-23 10:00:00,308
358,-116.3796739,43.6579175,2019-03-22 8:00:00,2019-03-23 10:00:00,309
359,-116.3796738,43.6304324,2019-03-22 8:00:00,2019-03-23 10:00:00,310
360,-116.3796721,43.6273766,2019-03-22 8:00:00,2019-03-23 10:00:00,311
361,-116.3794781,43.6286806,2019-03-22 8:00:00,2019-03-23 10:00:00,312
362,-116.3793343,43.6340825,2019-03-22 8:00:00,2019-03-23 10:00:00,313
363,-116.3793321,43.6349602,2019-03-22 8:00:00,2019-03-23 10:00:00,314
364,-116.3793207,43.6372081,2019-03-22 8:00:00,2019-03-23 10:00:00,315
365,-116.3792443,43.6586445,2019-03-22 8:00:00,2019-03-23 10:00:00,316
366,-116.3792068,43.6244002,2019-03-22 8:00:00,2019-03-23 10:00:00,317
367-116.3791809,43.6566612,2019-03-22 8:00:00,2019-03-23 10:00:00,318
368,-116.3791473,43.6357094,2019-03-22 8:00:00,2019-03-23 10:00:00,319
369,-116.3787934,43.6343625,2019-03-22 8:00:00,2019-03-23 10:00:00,320
370,-116.3785011,43.6430092,2019-03-22 8:00:00,2019-03-23 10:00:00,321
371,-116.378195,43.6400082,2019-03-22 8:00:00,2019-03-23 10:00:00,322
372,-116.3781742,43.6380059,2019-03-22 8:00:00,2019-03-23 10:00:00,323
373,-116.3780053,43.6265025,2019-03-22 8:00:00,2019-03-23 10:00:00,324
374,-116.3776111,43.6238165,2019-03-22 8:00:00,2019-03-23 10:00:00,325
375,-116.377581,43.620933,2019-03-22 8:00:00,2019-03-23 10:00:00,326
376,-116.377175,43.6535083,2019-03-22 8:00:00,2019-03-23 10:00:00,327
377,-116.3771671,43.6283313,2019-03-22 8:00:00,2019-03-23 10:00:00,328
378,-116.3771526,43.6272972,2019-03-22 8:00:00,2019-03-23 10:00:00,329
379,-116.3767461,43.6237966,2019-03-22 8:00:00,2019-03-23 10:00:00,330
380,-116.3766174,43.6467814,2019-03-22 8:00:00,2019-03-23 10:00:00,331
381,-116.37643,43.6492013,2019-03-22 8:00:00,2019-03-23 10:00:00,332
382,-116.3763549,43.6415764,2019-03-22 8:00:00,2019-03-23 10:00:00,333
383,-116.3758255,43.6253185,2019-03-22 8:00:00,2019-03-23 10:00:00,334
384,-116.3755908,43.6238056,2019-03-22 8:00:00,2019-03-23 10:00:00,335
385,-116.3749842,43.6323234,2019-03-22 8:00:00,2019-03-23 10:00:00,336
386,-116.3748957,43.6270545,2019-03-22 8:00:00,2019-03-23 10:00:00,337
387,-116.3742054,43.6267647,2019-03-22 8:00:00,2019-03-23 10:00:00,338
388,-116.3741707,43.6286511,2019-03-22 8:00:00,2019-03-23 10:00:00,339
389,-116.3741159,43.63819,2019-03-22 8:00:00,2019-03-23 10:00:00,340
390,-116.37411,43.6422711,2019-03-22 8:00:00,2019-03-23 10:00:00,341
391,-116.3740875,43.6365416,2019-03-22 8:00:00,2019-03-23 10:00:00,342
392,-116.3740757,43.6452507,2019-03-22 8:00:00,2019-03-23 10:00:00,343
393,-116.374006,43.6523857,2019-03-22 8:00:00,2019-03-23 10:00:00,344
394,-116.3738879,43.6537414,2019-03-22 8:00:00,2019-03-23 10:00:00,345
395,-116.3737363,43.6453047,2019-03-22 8:00:00,2019-03-23 10:00:00,346
396,-116.3735863,43.6315328,2019-03-22 8:00:00,2019-03-23 10:00:00,347
397,-116.3735773,43.6289619,2019-03-22 8:00:00,2019-03-23 10:00:00,348
398,-116.3732214,43.6294144,2019-03-22 8:00:00,2019-03-23 10:00:00,349
399,-116.3732005,43.6234292,2019-03-22 8:00:00,2019-03-23 10:00:00,350
400,-116.3729504,43.6525917,2019-03-22 8:00:00,2019-03-23 10:00:00,351
401,-116.3723714,43.6246873,2019-03-22 8:00:00,2019-03-23 10:00:00,352
402,-116.3720723,43.6286334,2019-03-22 8:00:00,2019-03-23 10:00:00,353
403,-116.3719867,43.6525613,2019-03-22 8:00:00,2019-03-23 10:00:00,354
404,-116.3719338,43.6360787,2019-03-22 8:00:00,2019-03-23 10:00:00,355
405,-116.3718804,43.6272355,2019-03-22 8:00:00,2019-03-23 10:00:00,356
406,-116.3718634,43.6237574,2019-03-22 8:00:00,2019-03-23 10:00:00,357
407,-116.3716438,43.6608205,2019-03-22 8:00:00,2019-03-23 10:00:00,358
408,-116.3716347,43.6301472,2019-03-22 8:00:00,2019-03-23 10:00:00,359
409,-116.3715332,43.636059,2019-03-22 8:00:00,2019-03-23 10:00:00,360
410,-116.3714455,43.635242,2019-03-22 8:00:00,2019-03-23 10:00:00,361
411,-116.3713175,43.6231843,2019-03-22 8:00:00,2019-03-23 10:00:00,362
412,-116.3707184,43.6456915,2019-03-22 8:00:00,2019-03-23 10:00:00,363
413,-116.3706637,43.6249626,2019-03-22 8:00:00,2019-03-23 10:00:00,364
414,-116.3704916,43.6544759,2019-03-22 8:00:00,2019-03-23 10:00:00,365
415,-116.3704038,43.6235624,2019-03-22 8:00:00,2019-03-23 10:00:00,366
416,-116.3700535,43.6530244,2019-03-22 8:00:00,2019-03-23 10:00:00,367
417,-116.3700353,43.6472121,2019-03-22 8:00:00,2019-03-23 10:00:00,368
418,-116.3699017,43.6206245,2019-03-22 8:00:00,2019-03-23 10:00:00,369
419,-116.3697043,43.6245701,2019-03-22 8:00:00,2019-03-23 10:00:00,370
420,-116.3695585,43.644927,2019-03-22 8:00:00,2019-03-23 10:00:00,371
421,-116.3693867,43.6426062,2019-03-22 8:00:00,2019-03-23 10:00:00,372
422,-116.3692925,43.650291,2019-03-22 8:00:00,2019-03-23 10:00:00,373
423,-116.3692387,43.6388035,2019-03-22 8:00:00,2019-03-23 10:00:00,374
424,-116.3691498,43.6216847,2019-03-22 8:00:00,2019-03-23 10:00:00,375
425,-116.3690658,43.66146,2019-03-22 8:00:00,2019-03-23 10:00:00,376
426,-116.3690076,43.6453551,2019-03-22 8:00:00,2019-03-23 10:00:00,377
427,-116.3689769,43.6511979,2019-03-22 8:00:00,2019-03-23 10:00:00,378
428,-116.3688418,43.6564268,2019-03-22 8:00:00,2019-03-23 10:00:00,379
429,-116.3687162,43.639045,2019-03-22 8:00:00,2019-03-23 10:00:00,380
430,-116.3686971,43.6220904,2019-03-22 8:00:00,2019-03-23 10:00:00,381
431,-116.368446,43.6289027,2019-03-22 8:00:00,2019-03-23 10:00:00,382
432,-116.3683032,43.6359668,2019-03-22 8:00:00,2019-03-23 10:00:00,383
433,-116.3682934,43.6258066,2019-03-22 8:00:00,2019-03-23 10:00:00,384
434,-116.3682854,43.627233,2019-03-22 8:00:00,2019-03-23 10:00:00,385
435,-116.3682572,43.622271,2019-03-22 8:00:00,2019-03-23 10:00:00,386
436,-116.3682489,43.6233025,2019-03-22 8:00:00,2019-03-23 10:00:00,387
437,-116.3681994,43.6607329,2019-03-22 8:00:00,2019-03-23 10:00:00,388
438,-116.3681819,43.6348181,2019-03-22 8:00:00,2019-03-23 10:00:00,389
439,-116.3677146,43.6518795,2019-03-22 8:00:00,2019-03-23 10:00:00,390
440,-116.3676533,43.6215584,2019-03-22 8:00:00,2019-03-23 10:00:00,391
441,-116.3674194,43.6285928,2019-03-22 8:00:00,2019-03-23 10:00:00,392
442,-116.3673962,43.6303814,2019-03-22 8:00:00,2019-03-23 10:00:00,393
443	-116.3669249,43.6625851,2019-03-22 8:00:00,2019-03-23 10:00:00,394
444,-116.3668288,43.6343481,2019-03-22 8:00:00,2019-03-23 10:00:00,395
445,-116.3667484,43.650494,2019-03-22 8:00:00,2019-03-23 10:00:00,396
446,-116.3666509,43.6235964,2019-03-22 8:00:00,2019-03-23 10:00:00,397
447,-116.3666382,43.6341791,2019-03-22 8:00:00,2019-03-23 10:00:00,398
448,-116.3666294,43.6362693,2019-03-22 8:00:00,2019-03-23 10:00:00,399
449,-116.3665959,43.6374326,2019-03-22 8:00:00,2019-03-23 10:00:00,400
450,-116.3665948,43.6376849,2019-03-22 8:00:00,2019-03-23 10:00:00,401
451,-116.36632,43.6529239,2019-03-22 8:00:00,2019-03-23 10:00:00,402
452,-116.3663178,43.6504909,2019-03-22 8:00:00,2019-03-23 10:00:00,403
453,-116.3658246,43.6395626,2019-03-22 8:00:00,2019-03-23 10:00:00,404
454,-116.3656861,43.623415,2019-03-22 8:00:00,2019-03-23 10:00:00,405
455,-116.3655129,43.6390047,2019-03-22 8:00:00,2019-03-23 10:00:00,406
456,-116.3652313,43.6440634,2019-03-22 8:00:00,2019-03-23 10:00:00,407
457,-116.3649057,43.6342735,2019-03-22 8:00:00,2019-03-23 10:00:00,408
458,-116.3648451,43.6364792,2019-03-22 8:00:00,2019-03-23 10:00:00,409
459,-116.3647441,43.6287992,2019-03-22 8:00:00,2019-03-23 10:00:00,410
460,-116.3646643,43.6451838,2019-03-22 8:00:00,2019-03-23 10:00:00,411
461,-116.3643378,43.6256058,2019-03-22 8:00:00,2019-03-23 10:00:00,412
462,-116.3642704,43.6434605,2019-03-22 8:00:00,2019-03-23 10:00:00,413
463,-116.3642583,43.6415295,2019-03-22 8:00:00,2019-03-23 10:00:00,414
464,-116.364212,43.6369846,2019-03-22 8:00:00,2019-03-23 10:00:00,415
465,-116.3642027,43.6321853,2019-03-22 8:00:00,2019-03-23 10:00:00,416
466,-116.363982,43.6360731,2019-03-22 8:00:00,2019-03-23 10:00:00,417
467,-116.36398,43.6401705,2019-03-22 8:00:00,2019-03-23 10:00:00,418
468,-116.3638648,43.639606,2019-03-22 8:00:00,2019-03-23 10:00:00,419
469,-116.3638059,43.6341916,2019-03-22 8:00:00,2019-03-23 10:00:00,420
470,-116.3635944,43.6456837,2019-03-22 8:00:00,2019-03-23 10:00:00,421
471,-116.3635223,43.6460613,2019-03-22 8:00:00,2019-03-23 10:00:00,422
472,-116.3630337,43.6472781,2019-03-22 8:00:00,2019-03-23 10:00:00,423
473,-116.3630099,43.6417756,2019-03-22 8:00:00,2019-03-23 10:00:00,424
474,-116.3627538,43.6376946,2019-03-22 8:00:00,2019-03-23 10:00:00,425
475,-116.3627241,43.62548,2019-03-22 8:00:00,2019-03-23 10:00:00,426
476,-116.3625449,43.6271734,2019-03-22 8:00:00,2019-03-23 10:00:00,427
477,-116.3620849,43.6235222,2019-03-22 8:00:00,2019-03-23 10:00:00,428
478,-116.3616628,43.6343923,2019-03-22 8:00:00,2019-03-23 10:00:00,429
479,-116.361236,43.623214,2019-03-22 8:00:00,2019-03-23 10:00:00,430
480,-116.3610652,43.6290817,2019-03-22 8:00:00,2019-03-23 10:00:00,431
481,-116.3610251,43.6392921,2019-03-22 8:00:00,2019-03-23 10:00:00,432
482,-116.3598104,43.6219088,2019-03-22 8:00:00,2019-03-23 10:00:00,433
483,-116.3596777,43.6412578,2019-03-22 8:00:00,2019-03-23 10:00:00,434
484,-116.3591564,43.6300361,2019-03-22 8:00:00,2019-03-23 10:00:00,435
485,-116.3589924,43.6298778,2019-03-22 8:00:00,2019-03-23 10:00:00,436
486,-116.3582953,43.6412624,2019-03-22 8:00:00,2019-03-23 10:00:00,437
487,-116.3575904,43.6301182,2019-03-22 8:00:00,2019-03-23 10:00:00,438
488,-116.3570612,43.6301901,2019-03-22 8:00:00,2019-03-23 10:00:00,439
489,-116.3563295,43.6302875,2019-03-22 8:00:00,2019-03-23 10:00:00,440
490,-116.355753,43.6269435,2019-03-22 8:00:00,2019-03-23 10:00:00,441
491,-116.3551686,43.628693,2019-03-22 8:00:00,2019-03-23 10:00:00,442
492,-116.3539968,43.6215987,2019-03-22 8:00:00,2019-03-23 10:00:00,443
493,-116.3511394,43.632634,2019-03-22 8:00:00,2019-03-23 10:00:00,444
494,-116.3481558,43.6208609,2019-03-22 8:00:00,2019-03-23 10:00:00,445
495,-116.3441973,43.6310996,2019-03-22 8:00:00,2019-03-23 10:00:00,446
496,-116.3441114,43.6335056,2019-03-22 8:00:00,2019-03-23 10:00:00,447
497,-116.3440307,43.6214593,2019-03-22 8:00:00,2019-03-23 10:00:00,448
498,-116.3436435,43.629709,2019-03-22 8:00:00,2019-03-23 10:00:00,449
499,-116.3429957,43.6271915,2019-03-22 8:00:00,2019-03-23 10:00:00,450
500,-116.3400336,43.6237744,2019-03-22 8:00:00,2019-03-23 10:00:00,451

